bytes,content-type,elapsed,endpoint,resource,status,entry-date,start-date,end-date
153,text/plain; charset=utf-8,0.545,0589435552d70c574ab42d4542032a986cf6090b7fe6257ce46fdee3f2a9b938,20f351a015df7544a73c7ecfdf21dc575927b4812e54e85f98ae6aa5098d92ff,200,2021-03-26T10:04:50.354837,,
153,text/plain; charset=utf-8,0.257,0589435552d70c574ab42d4542032a986cf6090b7fe6257ce46fdee3f2a9b938,20f351a015df7544a73c7ecfdf21dc575927b4812e54e85f98ae6aa5098d92ff,200,2021-03-27T02:30:04.499225,,
153,text/plain; charset=utf-8,0.312,0589435552d70c574ab42d4542032a986cf6090b7fe6257ce46fdee3f2a9b938,20f351a015df7544a73c7ecfdf21dc575927b4812e54e85f98ae6aa5098d92ff,200,2021-03-28T00:15:04.737630,,
153,text/plain; charset=utf-8,0.401,0589435552d70c574ab42d4542032a986cf6090b7fe6257ce46fdee3f2a9b938,20f351a015df7544a73c7ecfdf21dc575927b4812e54e85f98ae6aa5098d92ff,200,2021-03-29T00:14:54.352738,,
153,text/plain; charset=utf-8,0.3,0589435552d70c574ab42d4542032a986cf6090b7fe6257ce46fdee3f2a9b938,20f351a015df7544a73c7ecfdf21dc575927b4812e54e85f98ae6aa5098d92ff,200,2021-03-30T00:13:54.860270,,
153,text/plain; charset=utf-8,0.253,0589435552d70c574ab42d4542032a986cf6090b7fe6257ce46fdee3f2a9b938,20f351a015df7544a73c7ecfdf21dc575927b4812e54e85f98ae6aa5098d92ff,200,2021-03-31T00:11:45.951942,,
153,text/plain; charset=utf-8,0.186,0589435552d70c574ab42d4542032a986cf6090b7fe6257ce46fdee3f2a9b938,20f351a015df7544a73c7ecfdf21dc575927b4812e54e85f98ae6aa5098d92ff,200,2021-04-01T00:14:48.321857,,
153,text/plain; charset=utf-8,0.558,0589435552d70c574ab42d4542032a986cf6090b7fe6257ce46fdee3f2a9b938,20f351a015df7544a73c7ecfdf21dc575927b4812e54e85f98ae6aa5098d92ff,200,2021-04-02T00:21:01.160380,,
153,text/plain; charset=utf-8,0.207,0589435552d70c574ab42d4542032a986cf6090b7fe6257ce46fdee3f2a9b938,20f351a015df7544a73c7ecfdf21dc575927b4812e54e85f98ae6aa5098d92ff,200,2021-04-03T00:14:14.979556,,
153,text/plain; charset=utf-8,0.371,0589435552d70c574ab42d4542032a986cf6090b7fe6257ce46fdee3f2a9b938,20f351a015df7544a73c7ecfdf21dc575927b4812e54e85f98ae6aa5098d92ff,200,2021-04-04T00:20:24.537215,,
153,text/plain; charset=utf-8,0.339,0589435552d70c574ab42d4542032a986cf6090b7fe6257ce46fdee3f2a9b938,20f351a015df7544a73c7ecfdf21dc575927b4812e54e85f98ae6aa5098d92ff,200,2021-04-05T00:15:52.105625,,
153,text/plain; charset=utf-8,0.214,0589435552d70c574ab42d4542032a986cf6090b7fe6257ce46fdee3f2a9b938,20f351a015df7544a73c7ecfdf21dc575927b4812e54e85f98ae6aa5098d92ff,200,2021-04-06T00:15:36.563469,,
153,text/plain; charset=utf-8,0.225,0589435552d70c574ab42d4542032a986cf6090b7fe6257ce46fdee3f2a9b938,20f351a015df7544a73c7ecfdf21dc575927b4812e54e85f98ae6aa5098d92ff,200,2021-04-07T00:14:50.101573,,
153,text/plain; charset=utf-8,0.361,0589435552d70c574ab42d4542032a986cf6090b7fe6257ce46fdee3f2a9b938,20f351a015df7544a73c7ecfdf21dc575927b4812e54e85f98ae6aa5098d92ff,200,2021-04-08T00:17:08.054946,,
153,text/plain; charset=utf-8,0.24,0589435552d70c574ab42d4542032a986cf6090b7fe6257ce46fdee3f2a9b938,20f351a015df7544a73c7ecfdf21dc575927b4812e54e85f98ae6aa5098d92ff,200,2021-04-09T00:15:07.060515,,
153,text/plain; charset=utf-8,0.209,0589435552d70c574ab42d4542032a986cf6090b7fe6257ce46fdee3f2a9b938,20f351a015df7544a73c7ecfdf21dc575927b4812e54e85f98ae6aa5098d92ff,200,2021-04-10T00:14:59.486704,,
153,text/plain; charset=utf-8,0.259,0589435552d70c574ab42d4542032a986cf6090b7fe6257ce46fdee3f2a9b938,20f351a015df7544a73c7ecfdf21dc575927b4812e54e85f98ae6aa5098d92ff,200,2021-04-11T00:16:19.626892,,
153,text/plain; charset=utf-8,0.182,0589435552d70c574ab42d4542032a986cf6090b7fe6257ce46fdee3f2a9b938,20f351a015df7544a73c7ecfdf21dc575927b4812e54e85f98ae6aa5098d92ff,200,2021-04-12T00:15:57.949335,,
153,text/plain; charset=utf-8,0.387,0589435552d70c574ab42d4542032a986cf6090b7fe6257ce46fdee3f2a9b938,20f351a015df7544a73c7ecfdf21dc575927b4812e54e85f98ae6aa5098d92ff,200,2021-04-13T00:16:21.146109,,
153,text/plain; charset=utf-8,0.35,0589435552d70c574ab42d4542032a986cf6090b7fe6257ce46fdee3f2a9b938,20f351a015df7544a73c7ecfdf21dc575927b4812e54e85f98ae6aa5098d92ff,200,2021-04-14T00:13:57.819950,,
153,text/plain; charset=utf-8,0.237,0589435552d70c574ab42d4542032a986cf6090b7fe6257ce46fdee3f2a9b938,20f351a015df7544a73c7ecfdf21dc575927b4812e54e85f98ae6aa5098d92ff,200,2021-04-15T00:14:49.711060,,
153,text/plain; charset=utf-8,0.244,0589435552d70c574ab42d4542032a986cf6090b7fe6257ce46fdee3f2a9b938,20f351a015df7544a73c7ecfdf21dc575927b4812e54e85f98ae6aa5098d92ff,200,2021-04-16T00:13:34.621353,,
153,text/plain; charset=utf-8,0.205,0589435552d70c574ab42d4542032a986cf6090b7fe6257ce46fdee3f2a9b938,20f351a015df7544a73c7ecfdf21dc575927b4812e54e85f98ae6aa5098d92ff,200,2021-04-17T00:14:27.488623,,
153,text/plain; charset=utf-8,0.905,0589435552d70c574ab42d4542032a986cf6090b7fe6257ce46fdee3f2a9b938,20f351a015df7544a73c7ecfdf21dc575927b4812e54e85f98ae6aa5098d92ff,200,2021-04-18T00:14:53.849740,,
153,text/plain; charset=utf-8,0.225,0589435552d70c574ab42d4542032a986cf6090b7fe6257ce46fdee3f2a9b938,20f351a015df7544a73c7ecfdf21dc575927b4812e54e85f98ae6aa5098d92ff,200,2021-04-19T00:15:06.579452,,
153,text/plain; charset=utf-8,0.229,0589435552d70c574ab42d4542032a986cf6090b7fe6257ce46fdee3f2a9b938,20f351a015df7544a73c7ecfdf21dc575927b4812e54e85f98ae6aa5098d92ff,200,2021-04-20T00:14:52.135362,,
153,text/plain; charset=utf-8,0.932,0589435552d70c574ab42d4542032a986cf6090b7fe6257ce46fdee3f2a9b938,20f351a015df7544a73c7ecfdf21dc575927b4812e54e85f98ae6aa5098d92ff,200,2021-04-21T00:14:46.376002,,
153,text/plain; charset=utf-8,0.264,0589435552d70c574ab42d4542032a986cf6090b7fe6257ce46fdee3f2a9b938,20f351a015df7544a73c7ecfdf21dc575927b4812e54e85f98ae6aa5098d92ff,200,2021-04-22T00:15:14.208396,,
153,text/plain; charset=utf-8,0.233,0589435552d70c574ab42d4542032a986cf6090b7fe6257ce46fdee3f2a9b938,20f351a015df7544a73c7ecfdf21dc575927b4812e54e85f98ae6aa5098d92ff,200,2021-04-23T00:14:41.687603,,
153,text/plain; charset=utf-8,0.2,0589435552d70c574ab42d4542032a986cf6090b7fe6257ce46fdee3f2a9b938,20f351a015df7544a73c7ecfdf21dc575927b4812e54e85f98ae6aa5098d92ff,200,2021-04-24T00:15:39.964050,,
153,text/plain; charset=utf-8,0.204,0589435552d70c574ab42d4542032a986cf6090b7fe6257ce46fdee3f2a9b938,20f351a015df7544a73c7ecfdf21dc575927b4812e54e85f98ae6aa5098d92ff,200,2021-04-25T00:15:37.524290,,
153,text/plain; charset=utf-8,0.231,0589435552d70c574ab42d4542032a986cf6090b7fe6257ce46fdee3f2a9b938,20f351a015df7544a73c7ecfdf21dc575927b4812e54e85f98ae6aa5098d92ff,200,2021-04-26T00:16:04.775662,,
153,text/plain; charset=utf-8,0.238,0589435552d70c574ab42d4542032a986cf6090b7fe6257ce46fdee3f2a9b938,20f351a015df7544a73c7ecfdf21dc575927b4812e54e85f98ae6aa5098d92ff,200,2021-04-27T00:14:24.637107,,
153,text/plain; charset=utf-8,0.368,0589435552d70c574ab42d4542032a986cf6090b7fe6257ce46fdee3f2a9b938,20f351a015df7544a73c7ecfdf21dc575927b4812e54e85f98ae6aa5098d92ff,200,2021-04-28T00:14:51.689132,,
153,text/plain; charset=utf-8,0.224,0589435552d70c574ab42d4542032a986cf6090b7fe6257ce46fdee3f2a9b938,20f351a015df7544a73c7ecfdf21dc575927b4812e54e85f98ae6aa5098d92ff,200,2021-04-29T00:14:38.455442,,
153,text/plain; charset=utf-8,0.23,0589435552d70c574ab42d4542032a986cf6090b7fe6257ce46fdee3f2a9b938,20f351a015df7544a73c7ecfdf21dc575927b4812e54e85f98ae6aa5098d92ff,200,2021-04-30T00:08:10.364950,,
153,text/plain; charset=utf-8,0.228,0589435552d70c574ab42d4542032a986cf6090b7fe6257ce46fdee3f2a9b938,20f351a015df7544a73c7ecfdf21dc575927b4812e54e85f98ae6aa5098d92ff,200,2021-05-01T00:09:13.542705,,
153,text/plain; charset=utf-8,0.357,0589435552d70c574ab42d4542032a986cf6090b7fe6257ce46fdee3f2a9b938,20f351a015df7544a73c7ecfdf21dc575927b4812e54e85f98ae6aa5098d92ff,200,2021-05-02T00:11:13.781509,,
153,text/plain; charset=utf-8,0.355,0589435552d70c574ab42d4542032a986cf6090b7fe6257ce46fdee3f2a9b938,20f351a015df7544a73c7ecfdf21dc575927b4812e54e85f98ae6aa5098d92ff,200,2021-05-03T00:10:03.188930,,
153,text/plain; charset=utf-8,0.55,0589435552d70c574ab42d4542032a986cf6090b7fe6257ce46fdee3f2a9b938,20f351a015df7544a73c7ecfdf21dc575927b4812e54e85f98ae6aa5098d92ff,200,2021-05-04T00:06:18.410573,,
153,text/plain; charset=utf-8,0.23,0589435552d70c574ab42d4542032a986cf6090b7fe6257ce46fdee3f2a9b938,20f351a015df7544a73c7ecfdf21dc575927b4812e54e85f98ae6aa5098d92ff,200,2021-05-05T00:40:39.891471,,
153,text/plain; charset=utf-8,0.347,0589435552d70c574ab42d4542032a986cf6090b7fe6257ce46fdee3f2a9b938,20f351a015df7544a73c7ecfdf21dc575927b4812e54e85f98ae6aa5098d92ff,200,2021-05-06T00:40:32.761023,,
153,text/plain; charset=utf-8,0.209,0589435552d70c574ab42d4542032a986cf6090b7fe6257ce46fdee3f2a9b938,20f351a015df7544a73c7ecfdf21dc575927b4812e54e85f98ae6aa5098d92ff,200,2021-05-07T00:41:25.926455,,
153,text/plain; charset=utf-8,0.27,0589435552d70c574ab42d4542032a986cf6090b7fe6257ce46fdee3f2a9b938,20f351a015df7544a73c7ecfdf21dc575927b4812e54e85f98ae6aa5098d92ff,200,2021-05-08T00:41:16.690764,,
153,text/plain; charset=utf-8,0.212,0589435552d70c574ab42d4542032a986cf6090b7fe6257ce46fdee3f2a9b938,20f351a015df7544a73c7ecfdf21dc575927b4812e54e85f98ae6aa5098d92ff,200,2021-05-09T00:44:36.386869,,
153,text/plain; charset=utf-8,0.353,0589435552d70c574ab42d4542032a986cf6090b7fe6257ce46fdee3f2a9b938,20f351a015df7544a73c7ecfdf21dc575927b4812e54e85f98ae6aa5098d92ff,200,2021-05-10T00:43:16.592003,,
153,text/plain; charset=utf-8,0.192,0589435552d70c574ab42d4542032a986cf6090b7fe6257ce46fdee3f2a9b938,20f351a015df7544a73c7ecfdf21dc575927b4812e54e85f98ae6aa5098d92ff,200,2021-05-11T00:43:16.946900,,
153,text/plain; charset=utf-8,0.931,0589435552d70c574ab42d4542032a986cf6090b7fe6257ce46fdee3f2a9b938,20f351a015df7544a73c7ecfdf21dc575927b4812e54e85f98ae6aa5098d92ff,200,2021-05-12T00:44:27.248013,,
153,text/plain; charset=utf-8,0.367,0589435552d70c574ab42d4542032a986cf6090b7fe6257ce46fdee3f2a9b938,20f351a015df7544a73c7ecfdf21dc575927b4812e54e85f98ae6aa5098d92ff,200,2021-05-13T00:52:14.321774,,
153,text/plain; charset=utf-8,0.299,0589435552d70c574ab42d4542032a986cf6090b7fe6257ce46fdee3f2a9b938,20f351a015df7544a73c7ecfdf21dc575927b4812e54e85f98ae6aa5098d92ff,200,2021-05-14T00:53:51.452552,,
153,text/plain; charset=utf-8,0.22,0589435552d70c574ab42d4542032a986cf6090b7fe6257ce46fdee3f2a9b938,20f351a015df7544a73c7ecfdf21dc575927b4812e54e85f98ae6aa5098d92ff,200,2021-05-15T00:51:09.704083,,
153,text/plain; charset=utf-8,0.26,0589435552d70c574ab42d4542032a986cf6090b7fe6257ce46fdee3f2a9b938,20f351a015df7544a73c7ecfdf21dc575927b4812e54e85f98ae6aa5098d92ff,200,2021-05-16T00:55:27.414208,,
153,text/plain; charset=utf-8,0.256,0589435552d70c574ab42d4542032a986cf6090b7fe6257ce46fdee3f2a9b938,20f351a015df7544a73c7ecfdf21dc575927b4812e54e85f98ae6aa5098d92ff,200,2021-05-17T00:51:34.028483,,
153,text/plain; charset=utf-8,0.226,0589435552d70c574ab42d4542032a986cf6090b7fe6257ce46fdee3f2a9b938,20f351a015df7544a73c7ecfdf21dc575927b4812e54e85f98ae6aa5098d92ff,200,2021-05-18T00:55:14.857282,,
153,text/plain; charset=utf-8,0.262,0589435552d70c574ab42d4542032a986cf6090b7fe6257ce46fdee3f2a9b938,20f351a015df7544a73c7ecfdf21dc575927b4812e54e85f98ae6aa5098d92ff,200,2021-05-19T00:51:05.033945,,
153,text/plain; charset=utf-8,0.591,0589435552d70c574ab42d4542032a986cf6090b7fe6257ce46fdee3f2a9b938,20f351a015df7544a73c7ecfdf21dc575927b4812e54e85f98ae6aa5098d92ff,200,2021-05-20T00:48:04.303187,,
153,text/plain; charset=utf-8,0.314,0589435552d70c574ab42d4542032a986cf6090b7fe6257ce46fdee3f2a9b938,20f351a015df7544a73c7ecfdf21dc575927b4812e54e85f98ae6aa5098d92ff,200,2021-05-21T00:52:15.260736,,
153,text/plain; charset=utf-8,0.286,0589435552d70c574ab42d4542032a986cf6090b7fe6257ce46fdee3f2a9b938,20f351a015df7544a73c7ecfdf21dc575927b4812e54e85f98ae6aa5098d92ff,200,2021-05-22T00:51:18.356688,,
153,text/plain; charset=utf-8,0.455,0589435552d70c574ab42d4542032a986cf6090b7fe6257ce46fdee3f2a9b938,20f351a015df7544a73c7ecfdf21dc575927b4812e54e85f98ae6aa5098d92ff,200,2021-05-23T00:57:23.804992,,
153,text/plain; charset=utf-8,0.202,0589435552d70c574ab42d4542032a986cf6090b7fe6257ce46fdee3f2a9b938,20f351a015df7544a73c7ecfdf21dc575927b4812e54e85f98ae6aa5098d92ff,200,2021-05-24T00:54:49.598641,,
153,text/plain; charset=utf-8,0.224,0589435552d70c574ab42d4542032a986cf6090b7fe6257ce46fdee3f2a9b938,20f351a015df7544a73c7ecfdf21dc575927b4812e54e85f98ae6aa5098d92ff,200,2021-05-25T00:54:11.882974,,
153,text/plain; charset=utf-8,0.276,0589435552d70c574ab42d4542032a986cf6090b7fe6257ce46fdee3f2a9b938,20f351a015df7544a73c7ecfdf21dc575927b4812e54e85f98ae6aa5098d92ff,200,2021-05-26T01:04:54.006211,,
153,text/plain; charset=utf-8,0.225,0589435552d70c574ab42d4542032a986cf6090b7fe6257ce46fdee3f2a9b938,20f351a015df7544a73c7ecfdf21dc575927b4812e54e85f98ae6aa5098d92ff,200,2021-05-27T01:09:07.379789,,
153,text/plain; charset=utf-8,0.239,0589435552d70c574ab42d4542032a986cf6090b7fe6257ce46fdee3f2a9b938,20f351a015df7544a73c7ecfdf21dc575927b4812e54e85f98ae6aa5098d92ff,200,2021-05-28T01:18:21.369755,,
153,text/plain; charset=utf-8,0.211,0589435552d70c574ab42d4542032a986cf6090b7fe6257ce46fdee3f2a9b938,20f351a015df7544a73c7ecfdf21dc575927b4812e54e85f98ae6aa5098d92ff,200,2021-05-29T01:33:03.263033,,
153,text/plain; charset=utf-8,0.213,0589435552d70c574ab42d4542032a986cf6090b7fe6257ce46fdee3f2a9b938,20f351a015df7544a73c7ecfdf21dc575927b4812e54e85f98ae6aa5098d92ff,200,2021-05-30T01:43:15.316657,,
153,text/plain; charset=utf-8,0.231,0589435552d70c574ab42d4542032a986cf6090b7fe6257ce46fdee3f2a9b938,20f351a015df7544a73c7ecfdf21dc575927b4812e54e85f98ae6aa5098d92ff,200,2021-05-31T01:54:43.396656,,
153,text/plain; charset=utf-8,0.233,0589435552d70c574ab42d4542032a986cf6090b7fe6257ce46fdee3f2a9b938,20f351a015df7544a73c7ecfdf21dc575927b4812e54e85f98ae6aa5098d92ff,200,2021-06-01T02:13:25.418058,,
153,text/plain; charset=utf-8,0.222,0589435552d70c574ab42d4542032a986cf6090b7fe6257ce46fdee3f2a9b938,20f351a015df7544a73c7ecfdf21dc575927b4812e54e85f98ae6aa5098d92ff,200,2021-06-02T02:21:06.624606,,
153,text/plain; charset=utf-8,0.219,0589435552d70c574ab42d4542032a986cf6090b7fe6257ce46fdee3f2a9b938,20f351a015df7544a73c7ecfdf21dc575927b4812e54e85f98ae6aa5098d92ff,200,2021-06-03T01:57:41.047302,,
153,text/plain; charset=utf-8,0.22,0589435552d70c574ab42d4542032a986cf6090b7fe6257ce46fdee3f2a9b938,20f351a015df7544a73c7ecfdf21dc575927b4812e54e85f98ae6aa5098d92ff,200,2021-06-04T01:39:54.643670,,
153,text/plain; charset=utf-8,0.249,0589435552d70c574ab42d4542032a986cf6090b7fe6257ce46fdee3f2a9b938,20f351a015df7544a73c7ecfdf21dc575927b4812e54e85f98ae6aa5098d92ff,200,2021-06-05T01:15:58.608788,,
153,text/plain; charset=utf-8,0.218,0589435552d70c574ab42d4542032a986cf6090b7fe6257ce46fdee3f2a9b938,20f351a015df7544a73c7ecfdf21dc575927b4812e54e85f98ae6aa5098d92ff,200,2021-06-06T01:09:24.640256,,
153,text/plain; charset=utf-8,0.205,0589435552d70c574ab42d4542032a986cf6090b7fe6257ce46fdee3f2a9b938,20f351a015df7544a73c7ecfdf21dc575927b4812e54e85f98ae6aa5098d92ff,200,2021-06-07T01:10:53.849568,,
153,text/plain; charset=utf-8,0.228,0589435552d70c574ab42d4542032a986cf6090b7fe6257ce46fdee3f2a9b938,20f351a015df7544a73c7ecfdf21dc575927b4812e54e85f98ae6aa5098d92ff,200,2021-06-08T01:09:53.428067,,
153,text/plain; charset=utf-8,0.406,0589435552d70c574ab42d4542032a986cf6090b7fe6257ce46fdee3f2a9b938,20f351a015df7544a73c7ecfdf21dc575927b4812e54e85f98ae6aa5098d92ff,200,2021-06-09T00:49:55.939802,,
153,text/plain; charset=utf-8,0.216,0589435552d70c574ab42d4542032a986cf6090b7fe6257ce46fdee3f2a9b938,20f351a015df7544a73c7ecfdf21dc575927b4812e54e85f98ae6aa5098d92ff,200,2021-06-10T00:51:04.118847,,
153,text/plain; charset=utf-8,0.367,0589435552d70c574ab42d4542032a986cf6090b7fe6257ce46fdee3f2a9b938,20f351a015df7544a73c7ecfdf21dc575927b4812e54e85f98ae6aa5098d92ff,200,2021-06-11T00:44:14.561413,,
153,text/plain; charset=utf-8,0.245,0589435552d70c574ab42d4542032a986cf6090b7fe6257ce46fdee3f2a9b938,20f351a015df7544a73c7ecfdf21dc575927b4812e54e85f98ae6aa5098d92ff,200,2021-06-12T00:39:07.822770,,
153,text/plain; charset=utf-8,0.254,0589435552d70c574ab42d4542032a986cf6090b7fe6257ce46fdee3f2a9b938,20f351a015df7544a73c7ecfdf21dc575927b4812e54e85f98ae6aa5098d92ff,200,2021-06-13T00:46:29.736351,,
153,text/plain; charset=utf-8,0.228,0589435552d70c574ab42d4542032a986cf6090b7fe6257ce46fdee3f2a9b938,20f351a015df7544a73c7ecfdf21dc575927b4812e54e85f98ae6aa5098d92ff,200,2021-06-14T00:42:52.596142,,
153,text/plain; charset=utf-8,0.296,0589435552d70c574ab42d4542032a986cf6090b7fe6257ce46fdee3f2a9b938,20f351a015df7544a73c7ecfdf21dc575927b4812e54e85f98ae6aa5098d92ff,200,2021-06-15T00:44:30.556029,,
153,text/plain; charset=utf-8,0.242,0589435552d70c574ab42d4542032a986cf6090b7fe6257ce46fdee3f2a9b938,20f351a015df7544a73c7ecfdf21dc575927b4812e54e85f98ae6aa5098d92ff,200,2021-06-16T00:44:45.679740,,
153,text/plain; charset=utf-8,0.237,0589435552d70c574ab42d4542032a986cf6090b7fe6257ce46fdee3f2a9b938,20f351a015df7544a73c7ecfdf21dc575927b4812e54e85f98ae6aa5098d92ff,200,2021-06-17T00:43:00.993954,,
153,text/plain; charset=utf-8,0.363,0589435552d70c574ab42d4542032a986cf6090b7fe6257ce46fdee3f2a9b938,20f351a015df7544a73c7ecfdf21dc575927b4812e54e85f98ae6aa5098d92ff,200,2021-06-18T00:43:13.298250,,
153,text/plain; charset=utf-8,0.216,0589435552d70c574ab42d4542032a986cf6090b7fe6257ce46fdee3f2a9b938,20f351a015df7544a73c7ecfdf21dc575927b4812e54e85f98ae6aa5098d92ff,200,2021-06-19T00:44:04.168593,,
153,text/plain; charset=utf-8,0.206,0589435552d70c574ab42d4542032a986cf6090b7fe6257ce46fdee3f2a9b938,20f351a015df7544a73c7ecfdf21dc575927b4812e54e85f98ae6aa5098d92ff,200,2021-06-20T00:46:18.658520,,
153,text/plain; charset=utf-8,0.354,0589435552d70c574ab42d4542032a986cf6090b7fe6257ce46fdee3f2a9b938,20f351a015df7544a73c7ecfdf21dc575927b4812e54e85f98ae6aa5098d92ff,200,2021-06-21T00:45:44.424994,,
153,text/plain; charset=utf-8,0.217,0589435552d70c574ab42d4542032a986cf6090b7fe6257ce46fdee3f2a9b938,20f351a015df7544a73c7ecfdf21dc575927b4812e54e85f98ae6aa5098d92ff,200,2021-06-22T00:41:25.480875,,
153,text/plain; charset=utf-8,0.231,0589435552d70c574ab42d4542032a986cf6090b7fe6257ce46fdee3f2a9b938,20f351a015df7544a73c7ecfdf21dc575927b4812e54e85f98ae6aa5098d92ff,200,2021-06-23T00:40:49.514943,,
153,text/plain; charset=utf-8,0.615,0589435552d70c574ab42d4542032a986cf6090b7fe6257ce46fdee3f2a9b938,20f351a015df7544a73c7ecfdf21dc575927b4812e54e85f98ae6aa5098d92ff,200,2021-06-24T00:35:01.372826,,
153,text/plain; charset=utf-8,0.229,0589435552d70c574ab42d4542032a986cf6090b7fe6257ce46fdee3f2a9b938,20f351a015df7544a73c7ecfdf21dc575927b4812e54e85f98ae6aa5098d92ff,200,2021-06-25T00:48:11.303724,,
153,text/plain; charset=utf-8,0.199,0589435552d70c574ab42d4542032a986cf6090b7fe6257ce46fdee3f2a9b938,20f351a015df7544a73c7ecfdf21dc575927b4812e54e85f98ae6aa5098d92ff,200,2021-06-26T00:42:47.632647,,
153,text/plain; charset=utf-8,0.222,0589435552d70c574ab42d4542032a986cf6090b7fe6257ce46fdee3f2a9b938,20f351a015df7544a73c7ecfdf21dc575927b4812e54e85f98ae6aa5098d92ff,200,2021-06-27T00:50:38.926941,,
153,text/plain; charset=utf-8,0.251,0589435552d70c574ab42d4542032a986cf6090b7fe6257ce46fdee3f2a9b938,20f351a015df7544a73c7ecfdf21dc575927b4812e54e85f98ae6aa5098d92ff,200,2021-06-28T00:46:44.903364,,
153,text/plain; charset=utf-8,0.456,0589435552d70c574ab42d4542032a986cf6090b7fe6257ce46fdee3f2a9b938,20f351a015df7544a73c7ecfdf21dc575927b4812e54e85f98ae6aa5098d92ff,200,2021-06-29T00:44:02.021656,,
153,text/plain; charset=utf-8,0.355,0589435552d70c574ab42d4542032a986cf6090b7fe6257ce46fdee3f2a9b938,20f351a015df7544a73c7ecfdf21dc575927b4812e54e85f98ae6aa5098d92ff,200,2021-06-30T00:48:04.251423,,
153,text/plain; charset=utf-8,0.268,0589435552d70c574ab42d4542032a986cf6090b7fe6257ce46fdee3f2a9b938,20f351a015df7544a73c7ecfdf21dc575927b4812e54e85f98ae6aa5098d92ff,200,2021-07-01T00:47:43.680941,,
153,text/plain; charset=utf-8,0.371,0589435552d70c574ab42d4542032a986cf6090b7fe6257ce46fdee3f2a9b938,20f351a015df7544a73c7ecfdf21dc575927b4812e54e85f98ae6aa5098d92ff,200,2021-07-02T00:43:42.713138,,
153,text/plain; charset=utf-8,0.396,0589435552d70c574ab42d4542032a986cf6090b7fe6257ce46fdee3f2a9b938,20f351a015df7544a73c7ecfdf21dc575927b4812e54e85f98ae6aa5098d92ff,200,2021-07-03T00:44:34.929700,,
153,text/plain; charset=utf-8,0.245,0589435552d70c574ab42d4542032a986cf6090b7fe6257ce46fdee3f2a9b938,20f351a015df7544a73c7ecfdf21dc575927b4812e54e85f98ae6aa5098d92ff,200,2021-07-04T00:45:07.877635,,
153,text/plain; charset=utf-8,0.233,0589435552d70c574ab42d4542032a986cf6090b7fe6257ce46fdee3f2a9b938,20f351a015df7544a73c7ecfdf21dc575927b4812e54e85f98ae6aa5098d92ff,200,2021-07-05T00:41:12.651788,,
153,text/plain; charset=utf-8,0.257,0589435552d70c574ab42d4542032a986cf6090b7fe6257ce46fdee3f2a9b938,20f351a015df7544a73c7ecfdf21dc575927b4812e54e85f98ae6aa5098d92ff,200,2021-07-06T00:45:34.752883,,
153,text/plain; charset=utf-8,0.236,0589435552d70c574ab42d4542032a986cf6090b7fe6257ce46fdee3f2a9b938,20f351a015df7544a73c7ecfdf21dc575927b4812e54e85f98ae6aa5098d92ff,200,2021-07-07T00:46:15.286932,,
153,text/plain; charset=utf-8,0.243,0589435552d70c574ab42d4542032a986cf6090b7fe6257ce46fdee3f2a9b938,20f351a015df7544a73c7ecfdf21dc575927b4812e54e85f98ae6aa5098d92ff,200,2021-07-08T00:42:36.668713,,
153,text/plain; charset=utf-8,0.228,0589435552d70c574ab42d4542032a986cf6090b7fe6257ce46fdee3f2a9b938,20f351a015df7544a73c7ecfdf21dc575927b4812e54e85f98ae6aa5098d92ff,200,2021-07-09T00:46:45.444406,,
153,text/plain; charset=utf-8,0.247,0589435552d70c574ab42d4542032a986cf6090b7fe6257ce46fdee3f2a9b938,20f351a015df7544a73c7ecfdf21dc575927b4812e54e85f98ae6aa5098d92ff,200,2021-07-10T00:43:31.527488,,
153,text/plain; charset=utf-8,0.219,0589435552d70c574ab42d4542032a986cf6090b7fe6257ce46fdee3f2a9b938,20f351a015df7544a73c7ecfdf21dc575927b4812e54e85f98ae6aa5098d92ff,200,2021-07-11T00:49:24.665897,,
153,text/plain; charset=utf-8,0.256,0589435552d70c574ab42d4542032a986cf6090b7fe6257ce46fdee3f2a9b938,20f351a015df7544a73c7ecfdf21dc575927b4812e54e85f98ae6aa5098d92ff,200,2021-07-12T00:44:05.820170,,
153,text/plain; charset=utf-8,0.25,0589435552d70c574ab42d4542032a986cf6090b7fe6257ce46fdee3f2a9b938,20f351a015df7544a73c7ecfdf21dc575927b4812e54e85f98ae6aa5098d92ff,200,2021-07-13T00:47:26.397810,,
153,text/plain; charset=utf-8,0.265,0589435552d70c574ab42d4542032a986cf6090b7fe6257ce46fdee3f2a9b938,20f351a015df7544a73c7ecfdf21dc575927b4812e54e85f98ae6aa5098d92ff,200,2021-07-14T00:41:44.965573,,
153,text/plain; charset=utf-8,0.288,0589435552d70c574ab42d4542032a986cf6090b7fe6257ce46fdee3f2a9b938,20f351a015df7544a73c7ecfdf21dc575927b4812e54e85f98ae6aa5098d92ff,200,2021-07-15T00:45:10.012029,,
153,text/plain; charset=utf-8,0.383,0589435552d70c574ab42d4542032a986cf6090b7fe6257ce46fdee3f2a9b938,20f351a015df7544a73c7ecfdf21dc575927b4812e54e85f98ae6aa5098d92ff,200,2021-07-16T00:44:24.714199,,
153,text/plain; charset=utf-8,0.232,0589435552d70c574ab42d4542032a986cf6090b7fe6257ce46fdee3f2a9b938,20f351a015df7544a73c7ecfdf21dc575927b4812e54e85f98ae6aa5098d92ff,200,2021-07-17T00:43:46.207053,,
153,text/plain; charset=utf-8,0.282,0589435552d70c574ab42d4542032a986cf6090b7fe6257ce46fdee3f2a9b938,20f351a015df7544a73c7ecfdf21dc575927b4812e54e85f98ae6aa5098d92ff,200,2021-07-18T00:45:03.688478,,
153,text/plain; charset=utf-8,0.24,0589435552d70c574ab42d4542032a986cf6090b7fe6257ce46fdee3f2a9b938,20f351a015df7544a73c7ecfdf21dc575927b4812e54e85f98ae6aa5098d92ff,200,2021-07-19T00:46:02.163682,,
153,text/plain; charset=utf-8,0.257,0589435552d70c574ab42d4542032a986cf6090b7fe6257ce46fdee3f2a9b938,20f351a015df7544a73c7ecfdf21dc575927b4812e54e85f98ae6aa5098d92ff,200,2021-07-20T00:47:48.595696,,
153,text/plain; charset=utf-8,0.274,0589435552d70c574ab42d4542032a986cf6090b7fe6257ce46fdee3f2a9b938,20f351a015df7544a73c7ecfdf21dc575927b4812e54e85f98ae6aa5098d92ff,200,2021-07-21T00:46:24.451015,,
153,text/plain; charset=utf-8,0.247,0589435552d70c574ab42d4542032a986cf6090b7fe6257ce46fdee3f2a9b938,20f351a015df7544a73c7ecfdf21dc575927b4812e54e85f98ae6aa5098d92ff,200,2021-07-22T00:44:55.600060,,
153,text/plain; charset=utf-8,0.359,0589435552d70c574ab42d4542032a986cf6090b7fe6257ce46fdee3f2a9b938,20f351a015df7544a73c7ecfdf21dc575927b4812e54e85f98ae6aa5098d92ff,200,2021-07-23T00:44:54.964722,,
153,text/plain; charset=utf-8,0.23,0589435552d70c574ab42d4542032a986cf6090b7fe6257ce46fdee3f2a9b938,20f351a015df7544a73c7ecfdf21dc575927b4812e54e85f98ae6aa5098d92ff,200,2021-07-24T00:44:08.592736,,
153,text/plain; charset=utf-8,0.388,0589435552d70c574ab42d4542032a986cf6090b7fe6257ce46fdee3f2a9b938,20f351a015df7544a73c7ecfdf21dc575927b4812e54e85f98ae6aa5098d92ff,200,2021-07-25T00:46:27.906642,,
153,text/plain; charset=utf-8,0.369,0589435552d70c574ab42d4542032a986cf6090b7fe6257ce46fdee3f2a9b938,20f351a015df7544a73c7ecfdf21dc575927b4812e54e85f98ae6aa5098d92ff,200,2021-07-26T00:44:23.267093,,
153,text/plain; charset=utf-8,0.244,0589435552d70c574ab42d4542032a986cf6090b7fe6257ce46fdee3f2a9b938,20f351a015df7544a73c7ecfdf21dc575927b4812e54e85f98ae6aa5098d92ff,200,2021-07-27T00:46:43.201445,,
153,text/plain; charset=utf-8,0.241,0589435552d70c574ab42d4542032a986cf6090b7fe6257ce46fdee3f2a9b938,20f351a015df7544a73c7ecfdf21dc575927b4812e54e85f98ae6aa5098d92ff,200,2021-07-28T00:46:08.329017,,
153,text/plain; charset=utf-8,0.244,0589435552d70c574ab42d4542032a986cf6090b7fe6257ce46fdee3f2a9b938,20f351a015df7544a73c7ecfdf21dc575927b4812e54e85f98ae6aa5098d92ff,200,2021-07-29T00:42:55.470097,,
153,text/plain; charset=utf-8,0.245,0589435552d70c574ab42d4542032a986cf6090b7fe6257ce46fdee3f2a9b938,20f351a015df7544a73c7ecfdf21dc575927b4812e54e85f98ae6aa5098d92ff,200,2021-07-30T00:45:20.106001,,
153,text/plain; charset=utf-8,0.206,0589435552d70c574ab42d4542032a986cf6090b7fe6257ce46fdee3f2a9b938,20f351a015df7544a73c7ecfdf21dc575927b4812e54e85f98ae6aa5098d92ff,200,2021-07-31T00:44:49.976095,,
153,text/plain; charset=utf-8,0.241,0589435552d70c574ab42d4542032a986cf6090b7fe6257ce46fdee3f2a9b938,20f351a015df7544a73c7ecfdf21dc575927b4812e54e85f98ae6aa5098d92ff,200,2021-08-01T00:52:31.435742,,
153,text/plain; charset=utf-8,0.258,0589435552d70c574ab42d4542032a986cf6090b7fe6257ce46fdee3f2a9b938,20f351a015df7544a73c7ecfdf21dc575927b4812e54e85f98ae6aa5098d92ff,200,2021-08-02T00:44:02.899620,,
153,text/plain; charset=utf-8,0.347,0589435552d70c574ab42d4542032a986cf6090b7fe6257ce46fdee3f2a9b938,20f351a015df7544a73c7ecfdf21dc575927b4812e54e85f98ae6aa5098d92ff,200,2021-08-03T00:49:38.736299,,
153,text/plain; charset=utf-8,0.223,0589435552d70c574ab42d4542032a986cf6090b7fe6257ce46fdee3f2a9b938,20f351a015df7544a73c7ecfdf21dc575927b4812e54e85f98ae6aa5098d92ff,200,2021-08-04T00:43:38.805451,,
153,text/plain; charset=utf-8,0.2,0589435552d70c574ab42d4542032a986cf6090b7fe6257ce46fdee3f2a9b938,20f351a015df7544a73c7ecfdf21dc575927b4812e54e85f98ae6aa5098d92ff,200,2021-08-05T00:44:43.598815,,
153,text/plain; charset=utf-8,0.222,0589435552d70c574ab42d4542032a986cf6090b7fe6257ce46fdee3f2a9b938,20f351a015df7544a73c7ecfdf21dc575927b4812e54e85f98ae6aa5098d92ff,200,2021-08-06T00:47:12.993411,,
153,text/plain; charset=utf-8,0.206,0589435552d70c574ab42d4542032a986cf6090b7fe6257ce46fdee3f2a9b938,20f351a015df7544a73c7ecfdf21dc575927b4812e54e85f98ae6aa5098d92ff,200,2021-08-07T00:40:41.672333,,
153,text/plain; charset=utf-8,0.333,0589435552d70c574ab42d4542032a986cf6090b7fe6257ce46fdee3f2a9b938,20f351a015df7544a73c7ecfdf21dc575927b4812e54e85f98ae6aa5098d92ff,200,2021-08-08T00:44:39.946141,,
153,text/plain; charset=utf-8,0.213,0589435552d70c574ab42d4542032a986cf6090b7fe6257ce46fdee3f2a9b938,20f351a015df7544a73c7ecfdf21dc575927b4812e54e85f98ae6aa5098d92ff,200,2021-08-09T00:46:07.184260,,
153,text/plain; charset=utf-8,0.188,0589435552d70c574ab42d4542032a986cf6090b7fe6257ce46fdee3f2a9b938,20f351a015df7544a73c7ecfdf21dc575927b4812e54e85f98ae6aa5098d92ff,200,2021-08-10T00:46:40.506927,,
153,text/plain; charset=utf-8,0.213,0589435552d70c574ab42d4542032a986cf6090b7fe6257ce46fdee3f2a9b938,20f351a015df7544a73c7ecfdf21dc575927b4812e54e85f98ae6aa5098d92ff,200,2021-08-11T00:47:06.924982,,
153,text/plain; charset=utf-8,0.24,0589435552d70c574ab42d4542032a986cf6090b7fe6257ce46fdee3f2a9b938,20f351a015df7544a73c7ecfdf21dc575927b4812e54e85f98ae6aa5098d92ff,200,2021-08-12T00:44:02.511959,,
153,text/plain; charset=utf-8,0.247,0589435552d70c574ab42d4542032a986cf6090b7fe6257ce46fdee3f2a9b938,20f351a015df7544a73c7ecfdf21dc575927b4812e54e85f98ae6aa5098d92ff,200,2021-08-13T00:45:16.559097,,
153,text/plain; charset=utf-8,0.204,0589435552d70c574ab42d4542032a986cf6090b7fe6257ce46fdee3f2a9b938,20f351a015df7544a73c7ecfdf21dc575927b4812e54e85f98ae6aa5098d92ff,200,2021-08-14T00:41:05.213110,,
153,text/plain; charset=utf-8,0.207,0589435552d70c574ab42d4542032a986cf6090b7fe6257ce46fdee3f2a9b938,20f351a015df7544a73c7ecfdf21dc575927b4812e54e85f98ae6aa5098d92ff,200,2021-08-15T00:44:09.720376,,
153,text/plain; charset=utf-8,0.195,0589435552d70c574ab42d4542032a986cf6090b7fe6257ce46fdee3f2a9b938,20f351a015df7544a73c7ecfdf21dc575927b4812e54e85f98ae6aa5098d92ff,200,2021-08-16T00:43:40.264116,,
153,text/plain; charset=utf-8,0.287,0589435552d70c574ab42d4542032a986cf6090b7fe6257ce46fdee3f2a9b938,20f351a015df7544a73c7ecfdf21dc575927b4812e54e85f98ae6aa5098d92ff,200,2021-08-17T00:43:38.300281,,
153,text/plain; charset=utf-8,0.346,0589435552d70c574ab42d4542032a986cf6090b7fe6257ce46fdee3f2a9b938,20f351a015df7544a73c7ecfdf21dc575927b4812e54e85f98ae6aa5098d92ff,200,2021-08-18T00:44:16.729506,,
153,text/plain; charset=utf-8,0.342,0589435552d70c574ab42d4542032a986cf6090b7fe6257ce46fdee3f2a9b938,20f351a015df7544a73c7ecfdf21dc575927b4812e54e85f98ae6aa5098d92ff,200,2021-08-19T00:38:21.968241,,
153,text/plain; charset=utf-8,0.348,0589435552d70c574ab42d4542032a986cf6090b7fe6257ce46fdee3f2a9b938,20f351a015df7544a73c7ecfdf21dc575927b4812e54e85f98ae6aa5098d92ff,200,2021-08-20T00:44:32.169551,,
153,text/plain; charset=utf-8,0.372,0589435552d70c574ab42d4542032a986cf6090b7fe6257ce46fdee3f2a9b938,20f351a015df7544a73c7ecfdf21dc575927b4812e54e85f98ae6aa5098d92ff,200,2021-08-21T00:42:30.476558,,
153,text/plain; charset=utf-8,0.341,0589435552d70c574ab42d4542032a986cf6090b7fe6257ce46fdee3f2a9b938,20f351a015df7544a73c7ecfdf21dc575927b4812e54e85f98ae6aa5098d92ff,200,2021-08-22T00:42:32.214726,,
153,text/plain; charset=utf-8,0.344,0589435552d70c574ab42d4542032a986cf6090b7fe6257ce46fdee3f2a9b938,20f351a015df7544a73c7ecfdf21dc575927b4812e54e85f98ae6aa5098d92ff,200,2021-08-23T00:40:28.800823,,
153,text/plain; charset=utf-8,0.344,0589435552d70c574ab42d4542032a986cf6090b7fe6257ce46fdee3f2a9b938,20f351a015df7544a73c7ecfdf21dc575927b4812e54e85f98ae6aa5098d92ff,200,2021-08-24T00:42:08.434561,,
153,text/plain; charset=utf-8,0.346,0589435552d70c574ab42d4542032a986cf6090b7fe6257ce46fdee3f2a9b938,20f351a015df7544a73c7ecfdf21dc575927b4812e54e85f98ae6aa5098d92ff,200,2021-08-25T00:43:51.622597,,
153,text/plain; charset=utf-8,0.349,0589435552d70c574ab42d4542032a986cf6090b7fe6257ce46fdee3f2a9b938,20f351a015df7544a73c7ecfdf21dc575927b4812e54e85f98ae6aa5098d92ff,200,2021-08-26T00:41:10.794879,,
153,text/plain; charset=utf-8,0.214,0589435552d70c574ab42d4542032a986cf6090b7fe6257ce46fdee3f2a9b938,20f351a015df7544a73c7ecfdf21dc575927b4812e54e85f98ae6aa5098d92ff,200,2021-08-27T00:47:46.031545,,
153,text/plain; charset=utf-8,0.383,0589435552d70c574ab42d4542032a986cf6090b7fe6257ce46fdee3f2a9b938,20f351a015df7544a73c7ecfdf21dc575927b4812e54e85f98ae6aa5098d92ff,200,2021-08-28T00:41:29.216895,,
153,text/plain; charset=utf-8,0.222,0589435552d70c574ab42d4542032a986cf6090b7fe6257ce46fdee3f2a9b938,20f351a015df7544a73c7ecfdf21dc575927b4812e54e85f98ae6aa5098d92ff,200,2021-08-29T00:46:38.436561,,
153,text/plain; charset=utf-8,0.363,0589435552d70c574ab42d4542032a986cf6090b7fe6257ce46fdee3f2a9b938,20f351a015df7544a73c7ecfdf21dc575927b4812e54e85f98ae6aa5098d92ff,200,2021-08-30T00:43:40.017393,,
153,text/plain; charset=utf-8,0.258,0589435552d70c574ab42d4542032a986cf6090b7fe6257ce46fdee3f2a9b938,20f351a015df7544a73c7ecfdf21dc575927b4812e54e85f98ae6aa5098d92ff,200,2021-08-31T00:45:24.320799,,
153,text/plain; charset=utf-8,0.198,0589435552d70c574ab42d4542032a986cf6090b7fe6257ce46fdee3f2a9b938,20f351a015df7544a73c7ecfdf21dc575927b4812e54e85f98ae6aa5098d92ff,200,2021-09-01T00:49:33.098705,,
153,text/plain; charset=utf-8,0.275,0589435552d70c574ab42d4542032a986cf6090b7fe6257ce46fdee3f2a9b938,20f351a015df7544a73c7ecfdf21dc575927b4812e54e85f98ae6aa5098d92ff,200,2021-09-02T00:44:29.142972,,
153,text/plain; charset=utf-8,0.244,0589435552d70c574ab42d4542032a986cf6090b7fe6257ce46fdee3f2a9b938,20f351a015df7544a73c7ecfdf21dc575927b4812e54e85f98ae6aa5098d92ff,200,2021-09-03T00:44:37.602775,,
153,text/plain; charset=utf-8,0.2,0589435552d70c574ab42d4542032a986cf6090b7fe6257ce46fdee3f2a9b938,20f351a015df7544a73c7ecfdf21dc575927b4812e54e85f98ae6aa5098d92ff,200,2021-09-04T00:45:31.289623,,
153,text/plain; charset=utf-8,0.386,0589435552d70c574ab42d4542032a986cf6090b7fe6257ce46fdee3f2a9b938,20f351a015df7544a73c7ecfdf21dc575927b4812e54e85f98ae6aa5098d92ff,200,2021-09-05T00:48:02.071066,,
153,text/plain; charset=utf-8,0.207,0589435552d70c574ab42d4542032a986cf6090b7fe6257ce46fdee3f2a9b938,20f351a015df7544a73c7ecfdf21dc575927b4812e54e85f98ae6aa5098d92ff,200,2021-09-06T00:50:13.728562,,
153,text/plain; charset=utf-8,0.233,0589435552d70c574ab42d4542032a986cf6090b7fe6257ce46fdee3f2a9b938,20f351a015df7544a73c7ecfdf21dc575927b4812e54e85f98ae6aa5098d92ff,200,2021-09-07T00:43:19.741354,,
153,text/plain; charset=utf-8,0.25,0589435552d70c574ab42d4542032a986cf6090b7fe6257ce46fdee3f2a9b938,20f351a015df7544a73c7ecfdf21dc575927b4812e54e85f98ae6aa5098d92ff,200,2021-09-08T00:43:40.881737,,
153,text/plain; charset=utf-8,0.198,0589435552d70c574ab42d4542032a986cf6090b7fe6257ce46fdee3f2a9b938,20f351a015df7544a73c7ecfdf21dc575927b4812e54e85f98ae6aa5098d92ff,200,2021-09-09T00:47:37.401971,,
153,text/plain; charset=utf-8,0.245,0589435552d70c574ab42d4542032a986cf6090b7fe6257ce46fdee3f2a9b938,20f351a015df7544a73c7ecfdf21dc575927b4812e54e85f98ae6aa5098d92ff,200,2021-09-10T00:49:53.154760,,
153,text/plain; charset=utf-8,0.251,0589435552d70c574ab42d4542032a986cf6090b7fe6257ce46fdee3f2a9b938,20f351a015df7544a73c7ecfdf21dc575927b4812e54e85f98ae6aa5098d92ff,200,2021-09-11T00:44:48.835236,,
153,text/plain; charset=utf-8,0.414,0589435552d70c574ab42d4542032a986cf6090b7fe6257ce46fdee3f2a9b938,20f351a015df7544a73c7ecfdf21dc575927b4812e54e85f98ae6aa5098d92ff,200,2021-09-12T00:48:05.655073,,
153,text/plain; charset=utf-8,0.242,0589435552d70c574ab42d4542032a986cf6090b7fe6257ce46fdee3f2a9b938,20f351a015df7544a73c7ecfdf21dc575927b4812e54e85f98ae6aa5098d92ff,200,2021-09-13T00:48:18.834417,,
153,text/plain; charset=utf-8,0.256,0589435552d70c574ab42d4542032a986cf6090b7fe6257ce46fdee3f2a9b938,20f351a015df7544a73c7ecfdf21dc575927b4812e54e85f98ae6aa5098d92ff,200,2021-09-14T00:49:36.776061,,
153,text/plain; charset=utf-8,0.311,0589435552d70c574ab42d4542032a986cf6090b7fe6257ce46fdee3f2a9b938,20f351a015df7544a73c7ecfdf21dc575927b4812e54e85f98ae6aa5098d92ff,200,2021-09-15T00:45:21.377820,,
153,text/plain; charset=utf-8,0.224,0589435552d70c574ab42d4542032a986cf6090b7fe6257ce46fdee3f2a9b938,20f351a015df7544a73c7ecfdf21dc575927b4812e54e85f98ae6aa5098d92ff,200,2021-09-16T00:48:32.308004,,
153,text/plain; charset=utf-8,0.248,0589435552d70c574ab42d4542032a986cf6090b7fe6257ce46fdee3f2a9b938,20f351a015df7544a73c7ecfdf21dc575927b4812e54e85f98ae6aa5098d92ff,200,2021-09-17T00:50:40.236909,,
153,text/plain; charset=utf-8,0.296,0589435552d70c574ab42d4542032a986cf6090b7fe6257ce46fdee3f2a9b938,20f351a015df7544a73c7ecfdf21dc575927b4812e54e85f98ae6aa5098d92ff,200,2021-09-18T00:44:53.233296,,
153,text/plain; charset=utf-8,0.258,0589435552d70c574ab42d4542032a986cf6090b7fe6257ce46fdee3f2a9b938,20f351a015df7544a73c7ecfdf21dc575927b4812e54e85f98ae6aa5098d92ff,200,2021-09-19T00:47:06.604130,,
153,text/plain; charset=utf-8,0.234,0589435552d70c574ab42d4542032a986cf6090b7fe6257ce46fdee3f2a9b938,20f351a015df7544a73c7ecfdf21dc575927b4812e54e85f98ae6aa5098d92ff,200,2021-09-20T00:50:21.084159,,
153,text/plain; charset=utf-8,0.699,0589435552d70c574ab42d4542032a986cf6090b7fe6257ce46fdee3f2a9b938,20f351a015df7544a73c7ecfdf21dc575927b4812e54e85f98ae6aa5098d92ff,200,2021-09-21T00:48:02.531097,,
153,text/plain; charset=utf-8,0.243,0589435552d70c574ab42d4542032a986cf6090b7fe6257ce46fdee3f2a9b938,20f351a015df7544a73c7ecfdf21dc575927b4812e54e85f98ae6aa5098d92ff,200,2021-09-22T00:48:12.769653,,
153,text/plain; charset=utf-8,0.258,0589435552d70c574ab42d4542032a986cf6090b7fe6257ce46fdee3f2a9b938,20f351a015df7544a73c7ecfdf21dc575927b4812e54e85f98ae6aa5098d92ff,200,2021-09-23T00:49:11.878214,,
153,text/plain; charset=utf-8,0.228,0589435552d70c574ab42d4542032a986cf6090b7fe6257ce46fdee3f2a9b938,20f351a015df7544a73c7ecfdf21dc575927b4812e54e85f98ae6aa5098d92ff,200,2021-09-24T00:47:07.174925,,
153,text/plain; charset=utf-8,0.345,0589435552d70c574ab42d4542032a986cf6090b7fe6257ce46fdee3f2a9b938,20f351a015df7544a73c7ecfdf21dc575927b4812e54e85f98ae6aa5098d92ff,200,2021-09-25T00:45:14.194747,,
153,text/plain; charset=utf-8,0.247,0589435552d70c574ab42d4542032a986cf6090b7fe6257ce46fdee3f2a9b938,20f351a015df7544a73c7ecfdf21dc575927b4812e54e85f98ae6aa5098d92ff,200,2021-09-26T00:49:05.208844,,
153,text/plain; charset=utf-8,0.227,0589435552d70c574ab42d4542032a986cf6090b7fe6257ce46fdee3f2a9b938,20f351a015df7544a73c7ecfdf21dc575927b4812e54e85f98ae6aa5098d92ff,200,2021-09-27T00:46:59.986732,,
153,text/plain; charset=utf-8,0.25,0589435552d70c574ab42d4542032a986cf6090b7fe6257ce46fdee3f2a9b938,20f351a015df7544a73c7ecfdf21dc575927b4812e54e85f98ae6aa5098d92ff,200,2021-09-28T00:48:20.686034,,
153,text/plain; charset=utf-8,0.409,0589435552d70c574ab42d4542032a986cf6090b7fe6257ce46fdee3f2a9b938,20f351a015df7544a73c7ecfdf21dc575927b4812e54e85f98ae6aa5098d92ff,200,2021-09-29T00:45:44.259532,,
153,text/plain; charset=utf-8,0.257,0589435552d70c574ab42d4542032a986cf6090b7fe6257ce46fdee3f2a9b938,20f351a015df7544a73c7ecfdf21dc575927b4812e54e85f98ae6aa5098d92ff,200,2021-09-30T00:51:59.770581,,
153,text/plain; charset=utf-8,0.278,0589435552d70c574ab42d4542032a986cf6090b7fe6257ce46fdee3f2a9b938,20f351a015df7544a73c7ecfdf21dc575927b4812e54e85f98ae6aa5098d92ff,200,2021-10-01T00:50:49.483344,,
153,text/plain; charset=utf-8,0.396,0589435552d70c574ab42d4542032a986cf6090b7fe6257ce46fdee3f2a9b938,20f351a015df7544a73c7ecfdf21dc575927b4812e54e85f98ae6aa5098d92ff,200,2021-10-02T00:46:14.409913,,
153,text/plain; charset=utf-8,0.228,0589435552d70c574ab42d4542032a986cf6090b7fe6257ce46fdee3f2a9b938,20f351a015df7544a73c7ecfdf21dc575927b4812e54e85f98ae6aa5098d92ff,200,2021-10-03T00:52:33.293336,,
153,text/plain; charset=utf-8,0.238,0589435552d70c574ab42d4542032a986cf6090b7fe6257ce46fdee3f2a9b938,20f351a015df7544a73c7ecfdf21dc575927b4812e54e85f98ae6aa5098d92ff,200,2021-10-04T00:52:41.071257,,
153,text/plain; charset=utf-8,0.238,0589435552d70c574ab42d4542032a986cf6090b7fe6257ce46fdee3f2a9b938,20f351a015df7544a73c7ecfdf21dc575927b4812e54e85f98ae6aa5098d92ff,200,2021-10-05T00:47:28.526804,,
153,text/plain; charset=utf-8,0.254,0589435552d70c574ab42d4542032a986cf6090b7fe6257ce46fdee3f2a9b938,20f351a015df7544a73c7ecfdf21dc575927b4812e54e85f98ae6aa5098d92ff,200,2021-10-06T00:49:54.778984,,
153,text/plain; charset=utf-8,0.271,0589435552d70c574ab42d4542032a986cf6090b7fe6257ce46fdee3f2a9b938,20f351a015df7544a73c7ecfdf21dc575927b4812e54e85f98ae6aa5098d92ff,200,2021-10-07T00:49:49.295727,,
153,text/plain; charset=utf-8,0.558,0589435552d70c574ab42d4542032a986cf6090b7fe6257ce46fdee3f2a9b938,20f351a015df7544a73c7ecfdf21dc575927b4812e54e85f98ae6aa5098d92ff,200,2021-10-08T00:51:45.933363,,
153,text/plain; charset=utf-8,0.248,0589435552d70c574ab42d4542032a986cf6090b7fe6257ce46fdee3f2a9b938,20f351a015df7544a73c7ecfdf21dc575927b4812e54e85f98ae6aa5098d92ff,200,2021-10-09T00:45:42.173306,,
153,text/plain; charset=utf-8,0.452,0589435552d70c574ab42d4542032a986cf6090b7fe6257ce46fdee3f2a9b938,20f351a015df7544a73c7ecfdf21dc575927b4812e54e85f98ae6aa5098d92ff,200,2021-10-10T00:49:20.872535,,
153,text/plain; charset=utf-8,0.24,0589435552d70c574ab42d4542032a986cf6090b7fe6257ce46fdee3f2a9b938,20f351a015df7544a73c7ecfdf21dc575927b4812e54e85f98ae6aa5098d92ff,200,2021-10-11T00:49:50.898388,,
153,text/plain; charset=utf-8,0.207,0589435552d70c574ab42d4542032a986cf6090b7fe6257ce46fdee3f2a9b938,20f351a015df7544a73c7ecfdf21dc575927b4812e54e85f98ae6aa5098d92ff,200,2021-10-12T00:51:54.148253,,
153,text/plain; charset=utf-8,0.379,0589435552d70c574ab42d4542032a986cf6090b7fe6257ce46fdee3f2a9b938,20f351a015df7544a73c7ecfdf21dc575927b4812e54e85f98ae6aa5098d92ff,200,2021-10-13T00:48:19.276250,,
153,text/plain; charset=utf-8,0.379,0589435552d70c574ab42d4542032a986cf6090b7fe6257ce46fdee3f2a9b938,20f351a015df7544a73c7ecfdf21dc575927b4812e54e85f98ae6aa5098d92ff,200,2021-10-14T00:45:46.991912,,
153,text/plain; charset=utf-8,0.283,0589435552d70c574ab42d4542032a986cf6090b7fe6257ce46fdee3f2a9b938,20f351a015df7544a73c7ecfdf21dc575927b4812e54e85f98ae6aa5098d92ff,200,2021-10-15T00:51:27.699182,,
153,text/plain; charset=utf-8,0.378,0589435552d70c574ab42d4542032a986cf6090b7fe6257ce46fdee3f2a9b938,20f351a015df7544a73c7ecfdf21dc575927b4812e54e85f98ae6aa5098d92ff,200,2021-10-16T00:52:55.662198,,
153,text/plain; charset=utf-8,0.254,0589435552d70c574ab42d4542032a986cf6090b7fe6257ce46fdee3f2a9b938,20f351a015df7544a73c7ecfdf21dc575927b4812e54e85f98ae6aa5098d92ff,200,2021-10-17T00:49:04.709347,,
153,text/plain; charset=utf-8,0.297,0589435552d70c574ab42d4542032a986cf6090b7fe6257ce46fdee3f2a9b938,20f351a015df7544a73c7ecfdf21dc575927b4812e54e85f98ae6aa5098d92ff,200,2021-10-18T00:51:03.664369,,
153,text/plain; charset=utf-8,0.25,0589435552d70c574ab42d4542032a986cf6090b7fe6257ce46fdee3f2a9b938,20f351a015df7544a73c7ecfdf21dc575927b4812e54e85f98ae6aa5098d92ff,200,2021-10-19T00:51:56.343513,,
153,text/plain; charset=utf-8,0.223,0589435552d70c574ab42d4542032a986cf6090b7fe6257ce46fdee3f2a9b938,20f351a015df7544a73c7ecfdf21dc575927b4812e54e85f98ae6aa5098d92ff,200,2021-10-20T00:50:08.855690,,
153,text/plain; charset=utf-8,0.24,0589435552d70c574ab42d4542032a986cf6090b7fe6257ce46fdee3f2a9b938,20f351a015df7544a73c7ecfdf21dc575927b4812e54e85f98ae6aa5098d92ff,200,2021-10-21T00:53:46.921680,,
153,text/plain; charset=utf-8,0.261,0589435552d70c574ab42d4542032a986cf6090b7fe6257ce46fdee3f2a9b938,20f351a015df7544a73c7ecfdf21dc575927b4812e54e85f98ae6aa5098d92ff,200,2021-10-22T00:54:39.227489,,
153,text/plain; charset=utf-8,0.268,0589435552d70c574ab42d4542032a986cf6090b7fe6257ce46fdee3f2a9b938,20f351a015df7544a73c7ecfdf21dc575927b4812e54e85f98ae6aa5098d92ff,200,2021-10-23T00:51:01.073862,,
153,text/plain; charset=utf-8,0.261,0589435552d70c574ab42d4542032a986cf6090b7fe6257ce46fdee3f2a9b938,20f351a015df7544a73c7ecfdf21dc575927b4812e54e85f98ae6aa5098d92ff,200,2021-10-24T00:48:31.249785,,
153,text/plain; charset=utf-8,0.27,0589435552d70c574ab42d4542032a986cf6090b7fe6257ce46fdee3f2a9b938,20f351a015df7544a73c7ecfdf21dc575927b4812e54e85f98ae6aa5098d92ff,200,2021-10-25T00:50:40.597984,,
153,text/plain; charset=utf-8,0.38,0589435552d70c574ab42d4542032a986cf6090b7fe6257ce46fdee3f2a9b938,20f351a015df7544a73c7ecfdf21dc575927b4812e54e85f98ae6aa5098d92ff,200,2021-10-26T00:46:26.237551,,
153,text/plain; charset=utf-8,0.309,0589435552d70c574ab42d4542032a986cf6090b7fe6257ce46fdee3f2a9b938,20f351a015df7544a73c7ecfdf21dc575927b4812e54e85f98ae6aa5098d92ff,200,2021-10-27T00:45:58.752666,,
153,text/plain; charset=utf-8,0.227,0589435552d70c574ab42d4542032a986cf6090b7fe6257ce46fdee3f2a9b938,20f351a015df7544a73c7ecfdf21dc575927b4812e54e85f98ae6aa5098d92ff,200,2021-10-28T00:46:34.783833,,
153,text/plain; charset=utf-8,0.409,0589435552d70c574ab42d4542032a986cf6090b7fe6257ce46fdee3f2a9b938,20f351a015df7544a73c7ecfdf21dc575927b4812e54e85f98ae6aa5098d92ff,200,2021-10-29T00:45:10.086139,,
153,text/plain; charset=utf-8,0.485,0589435552d70c574ab42d4542032a986cf6090b7fe6257ce46fdee3f2a9b938,20f351a015df7544a73c7ecfdf21dc575927b4812e54e85f98ae6aa5098d92ff,200,2021-10-30T00:45:18.801895,,
153,text/plain; charset=utf-8,0.378,0589435552d70c574ab42d4542032a986cf6090b7fe6257ce46fdee3f2a9b938,20f351a015df7544a73c7ecfdf21dc575927b4812e54e85f98ae6aa5098d92ff,200,2021-10-31T00:49:05.060633,,
153,text/plain; charset=utf-8,0.29,0589435552d70c574ab42d4542032a986cf6090b7fe6257ce46fdee3f2a9b938,20f351a015df7544a73c7ecfdf21dc575927b4812e54e85f98ae6aa5098d92ff,200,2021-11-01T00:49:01.005862,,
153,text/plain; charset=utf-8,0.414,0589435552d70c574ab42d4542032a986cf6090b7fe6257ce46fdee3f2a9b938,20f351a015df7544a73c7ecfdf21dc575927b4812e54e85f98ae6aa5098d92ff,200,2021-11-02T00:50:40.932320,,
153,text/plain; charset=utf-8,0.263,0589435552d70c574ab42d4542032a986cf6090b7fe6257ce46fdee3f2a9b938,20f351a015df7544a73c7ecfdf21dc575927b4812e54e85f98ae6aa5098d92ff,200,2021-11-03T00:46:26.873898,,
153,text/plain; charset=utf-8,0.306,0589435552d70c574ab42d4542032a986cf6090b7fe6257ce46fdee3f2a9b938,20f351a015df7544a73c7ecfdf21dc575927b4812e54e85f98ae6aa5098d92ff,200,2021-11-04T00:47:16.526500,,
153,text/plain; charset=utf-8,0.257,0589435552d70c574ab42d4542032a986cf6090b7fe6257ce46fdee3f2a9b938,20f351a015df7544a73c7ecfdf21dc575927b4812e54e85f98ae6aa5098d92ff,200,2021-11-05T00:46:25.717149,,
153,text/plain; charset=utf-8,0.253,0589435552d70c574ab42d4542032a986cf6090b7fe6257ce46fdee3f2a9b938,20f351a015df7544a73c7ecfdf21dc575927b4812e54e85f98ae6aa5098d92ff,200,2021-11-06T00:45:26.706927,,
153,text/plain; charset=utf-8,0.371,0589435552d70c574ab42d4542032a986cf6090b7fe6257ce46fdee3f2a9b938,20f351a015df7544a73c7ecfdf21dc575927b4812e54e85f98ae6aa5098d92ff,200,2021-11-07T00:49:10.924100,,
153,text/plain; charset=utf-8,0.327,0589435552d70c574ab42d4542032a986cf6090b7fe6257ce46fdee3f2a9b938,20f351a015df7544a73c7ecfdf21dc575927b4812e54e85f98ae6aa5098d92ff,200,2021-11-08T00:47:27.267282,,
153,text/plain; charset=utf-8,0.283,0589435552d70c574ab42d4542032a986cf6090b7fe6257ce46fdee3f2a9b938,20f351a015df7544a73c7ecfdf21dc575927b4812e54e85f98ae6aa5098d92ff,200,2021-11-09T00:47:42.939673,,
153,text/plain; charset=utf-8,0.338,0589435552d70c574ab42d4542032a986cf6090b7fe6257ce46fdee3f2a9b938,20f351a015df7544a73c7ecfdf21dc575927b4812e54e85f98ae6aa5098d92ff,200,2021-11-10T00:47:29.368889,,
153,text/plain; charset=utf-8,0.416,0589435552d70c574ab42d4542032a986cf6090b7fe6257ce46fdee3f2a9b938,20f351a015df7544a73c7ecfdf21dc575927b4812e54e85f98ae6aa5098d92ff,200,2021-11-11T00:48:35.930051,,
153,text/plain; charset=utf-8,0.397,0589435552d70c574ab42d4542032a986cf6090b7fe6257ce46fdee3f2a9b938,20f351a015df7544a73c7ecfdf21dc575927b4812e54e85f98ae6aa5098d92ff,200,2021-11-12T00:49:14.241491,,
153,text/plain; charset=utf-8,0.262,0589435552d70c574ab42d4542032a986cf6090b7fe6257ce46fdee3f2a9b938,20f351a015df7544a73c7ecfdf21dc575927b4812e54e85f98ae6aa5098d92ff,200,2021-11-13T00:46:19.468650,,
153,text/plain; charset=utf-8,0.29,0589435552d70c574ab42d4542032a986cf6090b7fe6257ce46fdee3f2a9b938,20f351a015df7544a73c7ecfdf21dc575927b4812e54e85f98ae6aa5098d92ff,200,2021-11-14T00:48:55.569017,,
153,text/plain; charset=utf-8,0.284,0589435552d70c574ab42d4542032a986cf6090b7fe6257ce46fdee3f2a9b938,20f351a015df7544a73c7ecfdf21dc575927b4812e54e85f98ae6aa5098d92ff,200,2021-11-15T00:47:05.615597,,
153,text/plain; charset=utf-8,0.297,0589435552d70c574ab42d4542032a986cf6090b7fe6257ce46fdee3f2a9b938,20f351a015df7544a73c7ecfdf21dc575927b4812e54e85f98ae6aa5098d92ff,200,2021-11-16T00:47:55.106992,,
153,text/plain; charset=utf-8,0.313,0589435552d70c574ab42d4542032a986cf6090b7fe6257ce46fdee3f2a9b938,20f351a015df7544a73c7ecfdf21dc575927b4812e54e85f98ae6aa5098d92ff,200,2021-11-17T00:47:34.277543,,
153,text/plain; charset=utf-8,0.212,0589435552d70c574ab42d4542032a986cf6090b7fe6257ce46fdee3f2a9b938,20f351a015df7544a73c7ecfdf21dc575927b4812e54e85f98ae6aa5098d92ff,200,2021-11-18T00:48:33.760139,,
153,text/plain; charset=utf-8,0.299,0589435552d70c574ab42d4542032a986cf6090b7fe6257ce46fdee3f2a9b938,20f351a015df7544a73c7ecfdf21dc575927b4812e54e85f98ae6aa5098d92ff,200,2021-11-19T00:47:20.174494,,
153,text/plain; charset=utf-8,0.332,0589435552d70c574ab42d4542032a986cf6090b7fe6257ce46fdee3f2a9b938,20f351a015df7544a73c7ecfdf21dc575927b4812e54e85f98ae6aa5098d92ff,200,2021-11-20T00:46:36.574578,,
153,text/plain; charset=utf-8,0.282,0589435552d70c574ab42d4542032a986cf6090b7fe6257ce46fdee3f2a9b938,20f351a015df7544a73c7ecfdf21dc575927b4812e54e85f98ae6aa5098d92ff,200,2021-11-21T00:49:46.346652,,
153,text/plain; charset=utf-8,0.368,0589435552d70c574ab42d4542032a986cf6090b7fe6257ce46fdee3f2a9b938,20f351a015df7544a73c7ecfdf21dc575927b4812e54e85f98ae6aa5098d92ff,200,2021-11-22T00:48:22.627216,,
153,text/plain; charset=utf-8,0.216,0589435552d70c574ab42d4542032a986cf6090b7fe6257ce46fdee3f2a9b938,20f351a015df7544a73c7ecfdf21dc575927b4812e54e85f98ae6aa5098d92ff,200,2021-11-23T00:47:09.047311,,
153,text/plain; charset=utf-8,0.274,0589435552d70c574ab42d4542032a986cf6090b7fe6257ce46fdee3f2a9b938,20f351a015df7544a73c7ecfdf21dc575927b4812e54e85f98ae6aa5098d92ff,200,2021-11-24T00:47:22.168665,,
153,text/plain; charset=utf-8,0.324,0589435552d70c574ab42d4542032a986cf6090b7fe6257ce46fdee3f2a9b938,20f351a015df7544a73c7ecfdf21dc575927b4812e54e85f98ae6aa5098d92ff,200,2021-11-25T00:48:52.568687,,
153,text/plain; charset=utf-8,0.251,0589435552d70c574ab42d4542032a986cf6090b7fe6257ce46fdee3f2a9b938,20f351a015df7544a73c7ecfdf21dc575927b4812e54e85f98ae6aa5098d92ff,200,2021-11-26T00:46:32.723950,,
153,text/plain; charset=utf-8,0.259,0589435552d70c574ab42d4542032a986cf6090b7fe6257ce46fdee3f2a9b938,20f351a015df7544a73c7ecfdf21dc575927b4812e54e85f98ae6aa5098d92ff,200,2021-11-27T00:46:11.692691,,
153,text/plain; charset=utf-8,0.314,0589435552d70c574ab42d4542032a986cf6090b7fe6257ce46fdee3f2a9b938,20f351a015df7544a73c7ecfdf21dc575927b4812e54e85f98ae6aa5098d92ff,200,2021-11-28T00:48:49.117229,,
153,text/plain; charset=utf-8,0.316,0589435552d70c574ab42d4542032a986cf6090b7fe6257ce46fdee3f2a9b938,20f351a015df7544a73c7ecfdf21dc575927b4812e54e85f98ae6aa5098d92ff,200,2021-11-29T00:47:43.087265,,
153,text/plain; charset=utf-8,0.251,0589435552d70c574ab42d4542032a986cf6090b7fe6257ce46fdee3f2a9b938,20f351a015df7544a73c7ecfdf21dc575927b4812e54e85f98ae6aa5098d92ff,200,2021-11-30T00:49:34.095853,,
153,text/plain; charset=utf-8,0.509,0589435552d70c574ab42d4542032a986cf6090b7fe6257ce46fdee3f2a9b938,20f351a015df7544a73c7ecfdf21dc575927b4812e54e85f98ae6aa5098d92ff,200,2021-12-01T00:51:17.307802,,
153,text/plain; charset=utf-8,0.228,0589435552d70c574ab42d4542032a986cf6090b7fe6257ce46fdee3f2a9b938,20f351a015df7544a73c7ecfdf21dc575927b4812e54e85f98ae6aa5098d92ff,200,2021-12-02T00:48:56.161940,,
153,text/plain; charset=utf-8,0.35,0589435552d70c574ab42d4542032a986cf6090b7fe6257ce46fdee3f2a9b938,20f351a015df7544a73c7ecfdf21dc575927b4812e54e85f98ae6aa5098d92ff,200,2021-12-03T00:48:02.304627,,
153,text/plain; charset=utf-8,0.368,0589435552d70c574ab42d4542032a986cf6090b7fe6257ce46fdee3f2a9b938,20f351a015df7544a73c7ecfdf21dc575927b4812e54e85f98ae6aa5098d92ff,200,2021-12-04T00:48:08.838378,,
153,text/plain; charset=utf-8,0.387,0589435552d70c574ab42d4542032a986cf6090b7fe6257ce46fdee3f2a9b938,20f351a015df7544a73c7ecfdf21dc575927b4812e54e85f98ae6aa5098d92ff,200,2021-12-05T00:52:25.937478,,
153,text/plain; charset=utf-8,0.288,0589435552d70c574ab42d4542032a986cf6090b7fe6257ce46fdee3f2a9b938,20f351a015df7544a73c7ecfdf21dc575927b4812e54e85f98ae6aa5098d92ff,200,2021-12-06T00:51:11.414504,,
153,text/plain; charset=utf-8,0.407,0589435552d70c574ab42d4542032a986cf6090b7fe6257ce46fdee3f2a9b938,20f351a015df7544a73c7ecfdf21dc575927b4812e54e85f98ae6aa5098d92ff,200,2021-12-07T00:51:27.739045,,
153,text/plain; charset=utf-8,0.392,0589435552d70c574ab42d4542032a986cf6090b7fe6257ce46fdee3f2a9b938,20f351a015df7544a73c7ecfdf21dc575927b4812e54e85f98ae6aa5098d92ff,200,2021-12-08T00:50:50.669561,,
153,text/plain; charset=utf-8,0.277,0589435552d70c574ab42d4542032a986cf6090b7fe6257ce46fdee3f2a9b938,20f351a015df7544a73c7ecfdf21dc575927b4812e54e85f98ae6aa5098d92ff,200,2021-12-09T00:49:33.093409,,
153,text/plain; charset=utf-8,0.32,0589435552d70c574ab42d4542032a986cf6090b7fe6257ce46fdee3f2a9b938,20f351a015df7544a73c7ecfdf21dc575927b4812e54e85f98ae6aa5098d92ff,200,2021-12-10T00:50:27.068708,,
153,text/plain; charset=utf-8,0.268,0589435552d70c574ab42d4542032a986cf6090b7fe6257ce46fdee3f2a9b938,20f351a015df7544a73c7ecfdf21dc575927b4812e54e85f98ae6aa5098d92ff,200,2021-12-11T00:48:28.316146,,
153,text/plain; charset=utf-8,0.254,0589435552d70c574ab42d4542032a986cf6090b7fe6257ce46fdee3f2a9b938,20f351a015df7544a73c7ecfdf21dc575927b4812e54e85f98ae6aa5098d92ff,200,2021-12-12T00:51:58.433019,,
153,text/plain; charset=utf-8,0.385,0589435552d70c574ab42d4542032a986cf6090b7fe6257ce46fdee3f2a9b938,20f351a015df7544a73c7ecfdf21dc575927b4812e54e85f98ae6aa5098d92ff,200,2021-12-13T00:49:56.622120,,
153,text/plain; charset=utf-8,0.278,0589435552d70c574ab42d4542032a986cf6090b7fe6257ce46fdee3f2a9b938,20f351a015df7544a73c7ecfdf21dc575927b4812e54e85f98ae6aa5098d92ff,200,2021-12-14T00:52:52.763688,,
153,text/plain; charset=utf-8,0.259,0589435552d70c574ab42d4542032a986cf6090b7fe6257ce46fdee3f2a9b938,20f351a015df7544a73c7ecfdf21dc575927b4812e54e85f98ae6aa5098d92ff,200,2021-12-15T00:49:38.109041,,
153,text/plain; charset=utf-8,0.365,0589435552d70c574ab42d4542032a986cf6090b7fe6257ce46fdee3f2a9b938,20f351a015df7544a73c7ecfdf21dc575927b4812e54e85f98ae6aa5098d92ff,200,2021-12-16T00:50:11.245349,,
153,text/plain; charset=utf-8,0.492,0589435552d70c574ab42d4542032a986cf6090b7fe6257ce46fdee3f2a9b938,20f351a015df7544a73c7ecfdf21dc575927b4812e54e85f98ae6aa5098d92ff,200,2021-12-17T00:52:05.761815,,
153,text/plain; charset=utf-8,0.259,0589435552d70c574ab42d4542032a986cf6090b7fe6257ce46fdee3f2a9b938,20f351a015df7544a73c7ecfdf21dc575927b4812e54e85f98ae6aa5098d92ff,200,2021-12-18T00:53:19.711107,,
153,text/plain; charset=utf-8,0.218,0589435552d70c574ab42d4542032a986cf6090b7fe6257ce46fdee3f2a9b938,20f351a015df7544a73c7ecfdf21dc575927b4812e54e85f98ae6aa5098d92ff,200,2021-12-19T00:54:24.609777,,
153,text/plain; charset=utf-8,0.305,0589435552d70c574ab42d4542032a986cf6090b7fe6257ce46fdee3f2a9b938,20f351a015df7544a73c7ecfdf21dc575927b4812e54e85f98ae6aa5098d92ff,200,2021-12-20T00:51:34.824331,,
153,text/plain; charset=utf-8,0.385,0589435552d70c574ab42d4542032a986cf6090b7fe6257ce46fdee3f2a9b938,20f351a015df7544a73c7ecfdf21dc575927b4812e54e85f98ae6aa5098d92ff,200,2021-12-21T00:53:38.212021,,
153,text/plain; charset=utf-8,0.269,0589435552d70c574ab42d4542032a986cf6090b7fe6257ce46fdee3f2a9b938,20f351a015df7544a73c7ecfdf21dc575927b4812e54e85f98ae6aa5098d92ff,200,2021-12-22T00:52:19.270209,,
153,text/plain; charset=utf-8,0.37,0589435552d70c574ab42d4542032a986cf6090b7fe6257ce46fdee3f2a9b938,20f351a015df7544a73c7ecfdf21dc575927b4812e54e85f98ae6aa5098d92ff,200,2021-12-23T00:51:00.818877,,
153,text/plain; charset=utf-8,0.399,0589435552d70c574ab42d4542032a986cf6090b7fe6257ce46fdee3f2a9b938,20f351a015df7544a73c7ecfdf21dc575927b4812e54e85f98ae6aa5098d92ff,200,2021-12-24T00:50:13.928044,,
153,text/plain; charset=utf-8,0.26,0589435552d70c574ab42d4542032a986cf6090b7fe6257ce46fdee3f2a9b938,20f351a015df7544a73c7ecfdf21dc575927b4812e54e85f98ae6aa5098d92ff,200,2021-12-25T00:49:16.042530,,
153,text/plain; charset=utf-8,0.307,0589435552d70c574ab42d4542032a986cf6090b7fe6257ce46fdee3f2a9b938,20f351a015df7544a73c7ecfdf21dc575927b4812e54e85f98ae6aa5098d92ff,200,2021-12-26T00:54:14.321000,,
153,text/plain; charset=utf-8,2.017,0589435552d70c574ab42d4542032a986cf6090b7fe6257ce46fdee3f2a9b938,20f351a015df7544a73c7ecfdf21dc575927b4812e54e85f98ae6aa5098d92ff,200,2021-12-27T00:55:23.150039,,
